step,train_loss,val_loss,val_ppl,lr,tokens_per_sec,elapsed_s
0,8.3732,8.3714,4321.595,5e-06,0,0.0
250,2.7835,2.7878,16.245,0.0009996153889028486,115442,40.7
500,2.2747,2.2837,9.813,0.0009862229067288477,114391,81.8
750,2.0581,2.0704,7.928,0.0009542522835094643,112194,123.7
1000,1.9379,1.9501,7.03,0.0009050651046596701,111225,166.0
1250,1.8592,1.8742,6.516,0.0008407561853122796,110101,208.8
1500,1.7947,1.8136,6.133,0.0007640643549869782,109448,252.0
1750,1.7419,1.7621,5.825,0.0006782558145614232,108930,295.2
2000,1.6988,1.7202,5.586,0.0005869850332125742,108508,338.5
2250,1.6588,1.6837,5.385,0.000494139109538569,108274,382.0
2500,1.6254,1.651,5.212,0.00040367222530954684,108199,425.6
2750,1.5946,1.622,5.063,0.00031943724223730167,108186,469.1
3000,1.5673,1.598,4.943,0.0002450216138285893,108197,512.7
3250,1.5452,1.577,4.84,0.00018359460061336433,108031,556.2
3500,1.5282,1.5609,4.763,0.00013777229564383882,106992,600.1
3750,1.516,1.5505,4.714,0.00010950620864501075,105750,644.7
4000,1.5077,1.5428,4.678,0.0001,106373,688.9
